/*!40101 SET @OLD_CHARACTER_SET_CLIENT=@@CHARACTER_SET_CLIENT */;
/*!40101 SET @OLD_CHARACTER_SET_RESULTS=@@CHARACTER_SET_RESULTS */;
/*!40101 SET @OLD_COLLATION_CONNECTION=@@COLLATION_CONNECTION */;
/*!40101 SET NAMES utf8 */;
/*!40014 SET @OLD_FOREIGN_KEY_CHECKS=@@FOREIGN_KEY_CHECKS, FOREIGN_KEY_CHECKS=0 */;
/*!40101 SET @OLD_SQL_MODE=@@SQL_MODE, SQL_MODE='NO_AUTO_VALUE_ON_ZERO' */;
/*!40111 SET @OLD_SQL_NOTES=@@SQL_NOTES, SQL_NOTES=0 */;


# Dump of table play_evolutions
# ------------------------------------------------------------

DROP TABLE IF EXISTS `play_evolutions`;

CREATE TABLE `play_evolutions` (
  `id` int(11) NOT NULL,
  `hash` varchar(255) NOT NULL,
  `applied_at` timestamp NOT NULL DEFAULT CURRENT_TIMESTAMP ON UPDATE CURRENT_TIMESTAMP,
  `apply_script` text,
  `revert_script` text,
  `state` varchar(255) DEFAULT NULL,
  `last_problem` text,
  PRIMARY KEY (`id`)
) ENGINE=InnoDB DEFAULT CHARSET=latin1;



# Dump of table yarn_app_heuristic_result
# ------------------------------------------------------------

DROP TABLE IF EXISTS `yarn_app_heuristic_result`;

CREATE TABLE `yarn_app_heuristic_result` (
  `id` int(11) NOT NULL AUTO_INCREMENT COMMENT 'The application heuristic result id',
  `yarn_app_result_id` varchar(40) NOT NULL,
  `heuristic_class` varchar(255) NOT NULL COMMENT 'The heuristic class name',
  `heuristic_name` varchar(128) NOT NULL COMMENT 'The heuristic name',
  `severity` tinyint(2) unsigned NOT NULL COMMENT 'The heuristic severity',
  `score` mediumint(9) unsigned DEFAULT '0' COMMENT 'The heuristic score for the application',
  PRIMARY KEY (`id`),
  KEY `yarn_app_heuristic_result_i1` (`yarn_app_result_id`),
  KEY `yarn_app_heuristic_result_i2` (`heuristic_name`,`severity`),
  CONSTRAINT `yarn_app_heuristic_result_ibfk_2` FOREIGN KEY (`yarn_app_result_id`) REFERENCES `yarn_app_result` (`id`)
) ENGINE=InnoDB DEFAULT CHARSET=latin1;

LOCK TABLES `yarn_app_heuristic_result` WRITE;
/*!40000 ALTER TABLE `yarn_app_heuristic_result` DISABLE KEYS */;

INSERT INTO `yarn_app_heuristic_result` (`id`, `yarn_app_result_id`, `heuristic_class`, `heuristic_name`, `severity`, `score`)
VALUES
	(12841,'application_7039','com.linkedin.drelephant.mapreduce.heuristics.MapperDataSkewHeuristic','Mapper Data Skew',0,0),
	(12843,'application_7039','com.linkedin.drelephant.mapreduce.heuristics.MapperGCHeuristic','Mapper GC',0,0),
	(12845,'application_7039','com.linkedin.drelephant.mapreduce.heuristics.MapperTimeHeuristic','Mapper Time',0,0),
	(12847,'application_7039','com.linkedin.drelephant.mapreduce.heuristics.MapperSpeedHeuristic','Mapper Speed',0,0),
	(12849,'application_7039','com.linkedin.drelephant.mapreduce.heuristics.MapperSpillHeuristic','Mapper Spill',0,0),
	(12851,'application_7039','com.linkedin.drelephant.mapreduce.heuristics.MapperMemoryHeuristic','Mapper Memory',4,192),
	(12853,'application_7039','com.linkedin.drelephant.mapreduce.heuristics.ReducerDataSkewHeuristic','Reducer Data Skew',0,0),
	(12855,'application_7039','com.linkedin.drelephant.mapreduce.heuristics.ReducerGCHeuristic','Reducer GC',0,0),
	(12856,'application_7039','com.linkedin.drelephant.mapreduce.heuristics.ReducerTimeHeuristic','Reducer Time',0,0),
	(12858,'application_7039','com.linkedin.drelephant.mapreduce.heuristics.ReducerMemoryHeuristic','Reducer Memory',2,8),
	(12861,'application_7039','com.linkedin.drelephant.mapreduce.heuristics.ShuffleSortHeuristic','Shuffle & Sort',0,0),
	(522653471,'application_1506645932520_4677396','com.linkedin.drelephant.mapreduce.heuristics.MapperSkewHeuristic','Mapper Skew',0,0),
	(522653472,'application_1506645932520_4677396','com.linkedin.drelephant.mapreduce.heuristics.MapperGCHeuristic','Mapper GC',0,0),
	(522653473,'application_1506645932520_4677396','com.linkedin.drelephant.mapreduce.heuristics.MapperTimeHeuristic','Mapper Time',0,0),
	(522653474,'application_1506645932520_4677396','com.linkedin.drelephant.mapreduce.heuristics.MapperSpeedHeuristic','Mapper Speed',0,0),
	(522653475,'application_1506645932520_4677396','com.linkedin.drelephant.mapreduce.heuristics.MapperSpillHeuristic','Mapper Spill',0,0),
	(522653476,'application_1506645932520_4677396','com.linkedin.drelephant.mapreduce.heuristics.MapperMemoryHeuristic','Mapper Memory',3,3),
	(522653477,'application_1506645932520_4677396','com.linkedin.drelephant.mapreduce.heuristics.ReducerSkewHeuristic','Reducer Skew',0,0),
	(522653478,'application_1506645932520_4677396','com.linkedin.drelephant.mapreduce.heuristics.ReducerGCHeuristic','Reducer GC',0,0),
	(522653479,'application_1506645932520_4677396','com.linkedin.drelephant.mapreduce.heuristics.ReducerTimeHeuristic','Reducer Time',1,0),
	(522653480,'application_1506645932520_4677396','com.linkedin.drelephant.mapreduce.heuristics.ReducerMemoryHeuristic','Reducer Memory',3,300),
	(522653481,'application_1506645932520_4677396','com.linkedin.drelephant.mapreduce.heuristics.ShuffleSortHeuristic','Shuffle & Sort',0,0),
	(522662488,'application_1506645932520_4677390','com.linkedin.drelephant.mapreduce.heuristics.MapperSkewHeuristic','Mapper Skew',0,0),
	(522662489,'application_1506645932520_4677390','com.linkedin.drelephant.mapreduce.heuristics.MapperGCHeuristic','Mapper GC',1,0),
	(522662490,'application_1506645932520_4677390','com.linkedin.drelephant.mapreduce.heuristics.MapperTimeHeuristic','Mapper Time',0,0),
	(522662491,'application_1506645932520_4677390','com.linkedin.drelephant.mapreduce.heuristics.MapperSpeedHeuristic','Mapper Speed',1,0),
	(522662493,'application_1506645932520_4677390','com.linkedin.drelephant.mapreduce.heuristics.MapperSpillHeuristic','Mapper Spill',0,0),
	(522662495,'application_1506645932520_4677390','com.linkedin.drelephant.mapreduce.heuristics.MapperMemoryHeuristic','Mapper Memory',2,54),
	(522662498,'application_1506645932520_4677390','com.linkedin.drelephant.mapreduce.heuristics.ReducerSkewHeuristic','Reducer Skew',0,0),
	(522662502,'application_1506645932520_4677390','com.linkedin.drelephant.mapreduce.heuristics.ReducerGCHeuristic','Reducer GC',0,0),
	(522662505,'application_1506645932520_4677390','com.linkedin.drelephant.mapreduce.heuristics.ReducerTimeHeuristic','Reducer Time',0,0),
	(522662508,'application_1506645932520_4677390','com.linkedin.drelephant.mapreduce.heuristics.ReducerMemoryHeuristic','Reducer Memory',0,0),
	(522662511,'application_1506645932520_4677390','com.linkedin.drelephant.mapreduce.heuristics.ShuffleSortHeuristic','Shuffle & Sort',0,0),
	(522670846,'application_1506645932520_4678431','com.linkedin.drelephant.mapreduce.heuristics.MapperSkewHeuristic','Mapper Skew',0,0),
	(522670848,'application_1506645932520_4678431','com.linkedin.drelephant.mapreduce.heuristics.MapperGCHeuristic','Mapper GC',0,0),
	(522670850,'application_1506645932520_4678431','com.linkedin.drelephant.mapreduce.heuristics.MapperTimeHeuristic','Mapper Time',2,268),
	(522670852,'application_1506645932520_4678431','com.linkedin.drelephant.mapreduce.heuristics.MapperSpeedHeuristic','Mapper Speed',0,0),
	(522670854,'application_1506645932520_4678431','com.linkedin.drelephant.mapreduce.heuristics.MapperSpillHeuristic','Mapper Spill',0,0),
	(522670856,'application_1506645932520_4678431','com.linkedin.drelephant.mapreduce.heuristics.MapperMemoryHeuristic','Mapper Memory',3,402),
	(522670858,'application_1506645932520_4678431','com.linkedin.drelephant.mapreduce.heuristics.ReducerSkewHeuristic','Reducer Skew',2,200),
	(522670861,'application_1506645932520_4678431','com.linkedin.drelephant.mapreduce.heuristics.ReducerGCHeuristic','Reducer GC',0,0),
	(522670862,'application_1506645932520_4678431','com.linkedin.drelephant.mapreduce.heuristics.ReducerTimeHeuristic','Reducer Time',1,0),
	(522670864,'application_1506645932520_4678431','com.linkedin.drelephant.mapreduce.heuristics.ReducerMemoryHeuristic','Reducer Memory',3,300),
	(522670865,'application_1506645932520_4678431','com.linkedin.drelephant.mapreduce.heuristics.ShuffleSortHeuristic','Shuffle & Sort',0,0),
	(522678688,'application_1506645932520_4679145','com.linkedin.drelephant.mapreduce.heuristics.MapperSkewHeuristic','Mapper Skew',0,0),
	(522678691,'application_1506645932520_4679145','com.linkedin.drelephant.mapreduce.heuristics.MapperGCHeuristic','Mapper GC',1,0),
	(522678694,'application_1506645932520_4679145','com.linkedin.drelephant.mapreduce.heuristics.MapperTimeHeuristic','Mapper Time',2,274),
	(522678698,'application_1506645932520_4679145','com.linkedin.drelephant.mapreduce.heuristics.MapperSpeedHeuristic','Mapper Speed',0,0),
	(522678700,'application_1506645932520_4679145','com.linkedin.drelephant.mapreduce.heuristics.MapperSpillHeuristic','Mapper Spill',2,274),
	(522678702,'application_1506645932520_4679145','com.linkedin.drelephant.mapreduce.heuristics.MapperMemoryHeuristic','Mapper Memory',3,411),
	(522678704,'application_1506645932520_4679145','com.linkedin.drelephant.mapreduce.heuristics.ReducerSkewHeuristic','Reducer Skew',0,0),
	(522678706,'application_1506645932520_4679145','com.linkedin.drelephant.mapreduce.heuristics.ReducerGCHeuristic','Reducer GC',1,0),
	(522678708,'application_1506645932520_4679145','com.linkedin.drelephant.mapreduce.heuristics.ReducerTimeHeuristic','Reducer Time',1,0),
	(522678709,'application_1506645932520_4679145','com.linkedin.drelephant.mapreduce.heuristics.ReducerMemoryHeuristic','Reducer Memory',0,0),
	(522678710,'application_1506645932520_4679145','com.linkedin.drelephant.mapreduce.heuristics.ShuffleSortHeuristic','Shuffle & Sort',0,0),
	(522710561,'application_1506645932520_4680122','com.linkedin.drelephant.mapreduce.heuristics.MapperSkewHeuristic','Mapper Skew',0,0),
	(522710562,'application_1506645932520_4680122','com.linkedin.drelephant.mapreduce.heuristics.MapperGCHeuristic','Mapper GC',0,0),
	(522710564,'application_1506645932520_4680122','com.linkedin.drelephant.mapreduce.heuristics.MapperTimeHeuristic','Mapper Time',1,0),
	(522710565,'application_1506645932520_4680122','com.linkedin.drelephant.mapreduce.heuristics.MapperSpeedHeuristic','Mapper Speed',3,27),
	(522710567,'application_1506645932520_4680122','com.linkedin.drelephant.mapreduce.heuristics.MapperSpillHeuristic','Mapper Spill',0,0),
	(522710569,'application_1506645932520_4680122','com.linkedin.drelephant.mapreduce.heuristics.MapperMemoryHeuristic','Mapper Memory',3,27),
	(522710571,'application_1506645932520_4680122','com.linkedin.drelephant.mapreduce.heuristics.ReducerSkewHeuristic','Reducer Skew',0,0),
	(522710572,'application_1506645932520_4680122','com.linkedin.drelephant.mapreduce.heuristics.ReducerGCHeuristic','Reducer GC',0,0),
	(522710576,'application_1506645932520_4680122','com.linkedin.drelephant.mapreduce.heuristics.ReducerTimeHeuristic','Reducer Time',1,0),
	(522710577,'application_1506645932520_4680122','com.linkedin.drelephant.mapreduce.heuristics.ReducerMemoryHeuristic','Reducer Memory',3,300),
	(522710583,'application_1506645932520_4680122','com.linkedin.drelephant.mapreduce.heuristics.ShuffleSortHeuristic','Shuffle & Sort',0,0),
	(522715767,'application_1506645932520_4683002','com.linkedin.drelephant.mapreduce.heuristics.MapperSkewHeuristic','Mapper Skew',0,0),
	(522715771,'application_1506645932520_4683002','com.linkedin.drelephant.mapreduce.heuristics.MapperGCHeuristic','Mapper GC',0,0),
	(522715774,'application_1506645932520_4683002','com.linkedin.drelephant.mapreduce.heuristics.MapperTimeHeuristic','Mapper Time',0,0),
	(522715778,'application_1506645932520_4683002','com.linkedin.drelephant.mapreduce.heuristics.MapperSpeedHeuristic','Mapper Speed',0,0),
	(522715781,'application_1506645932520_4683002','com.linkedin.drelephant.mapreduce.heuristics.MapperSpillHeuristic','Mapper Spill',0,0),
	(522715784,'application_1506645932520_4683002','com.linkedin.drelephant.mapreduce.heuristics.MapperMemoryHeuristic','Mapper Memory',0,0),
	(522715789,'application_1506645932520_4683002','com.linkedin.drelephant.mapreduce.heuristics.ReducerSkewHeuristic','Reducer Skew',0,0),
	(522715792,'application_1506645932520_4683002','com.linkedin.drelephant.mapreduce.heuristics.ReducerGCHeuristic','Reducer GC',0,0),
	(522715794,'application_1506645932520_4683002','com.linkedin.drelephant.mapreduce.heuristics.ReducerTimeHeuristic','Reducer Time',0,0),
	(522715796,'application_1506645932520_4683002','com.linkedin.drelephant.mapreduce.heuristics.ReducerMemoryHeuristic','Reducer Memory',0,0),
	(522715798,'application_1506645932520_4683002','com.linkedin.drelephant.mapreduce.heuristics.ShuffleSortHeuristic','Shuffle & Sort',0,0),
	(522719323,'application_1506645932520_4682608','com.linkedin.drelephant.mapreduce.heuristics.MapperSkewHeuristic','Mapper Skew',0,0),
	(522719324,'application_1506645932520_4682608','com.linkedin.drelephant.mapreduce.heuristics.MapperGCHeuristic','Mapper GC',0,0),
	(522719325,'application_1506645932520_4682608','com.linkedin.drelephant.mapreduce.heuristics.MapperTimeHeuristic','Mapper Time',1,0),
	(522719326,'application_1506645932520_4682608','com.linkedin.drelephant.mapreduce.heuristics.MapperSpeedHeuristic','Mapper Speed',0,0),
	(522719327,'application_1506645932520_4682608','com.linkedin.drelephant.mapreduce.heuristics.MapperSpillHeuristic','Mapper Spill',0,0),
	(522719328,'application_1506645932520_4682608','com.linkedin.drelephant.mapreduce.heuristics.MapperMemoryHeuristic','Mapper Memory',3,300),
	(522719329,'application_1506645932520_4682608','com.linkedin.drelephant.mapreduce.heuristics.ReducerSkewHeuristic','Reducer Skew',0,0),
	(522719330,'application_1506645932520_4682608','com.linkedin.drelephant.mapreduce.heuristics.ReducerGCHeuristic','Reducer GC',0,0),
	(522719331,'application_1506645932520_4682608','com.linkedin.drelephant.mapreduce.heuristics.ReducerTimeHeuristic','Reducer Time',0,0),
	(522719332,'application_1506645932520_4682608','com.linkedin.drelephant.mapreduce.heuristics.ReducerMemoryHeuristic','Reducer Memory',0,0),
	(522719333,'application_1506645932520_4682608','com.linkedin.drelephant.mapreduce.heuristics.ShuffleSortHeuristic','Shuffle & Sort',0,0),
	(522727687,'application_1506645932520_4683484','com.linkedin.drelephant.mapreduce.heuristics.MapperSkewHeuristic','Mapper Skew',0,0),
	(522727691,'application_1506645932520_4683484','com.linkedin.drelephant.mapreduce.heuristics.MapperGCHeuristic','Mapper GC',0,0),
	(522727693,'application_1506645932520_4683484','com.linkedin.drelephant.mapreduce.heuristics.MapperTimeHeuristic','Mapper Time',0,0),
	(522727696,'application_1506645932520_4683484','com.linkedin.drelephant.mapreduce.heuristics.MapperSpeedHeuristic','Mapper Speed',0,0),
	(522727698,'application_1506645932520_4683484','com.linkedin.drelephant.mapreduce.heuristics.MapperSpillHeuristic','Mapper Spill',0,0),
	(522727700,'application_1506645932520_4683484','com.linkedin.drelephant.mapreduce.heuristics.MapperMemoryHeuristic','Mapper Memory',3,3),
	(522727705,'application_1506645932520_4683484','com.linkedin.drelephant.mapreduce.heuristics.ReducerSkewHeuristic','Reducer Skew',0,0),
	(522727708,'application_1506645932520_4683484','com.linkedin.drelephant.mapreduce.heuristics.ReducerGCHeuristic','Reducer GC',0,0),
	(522727710,'application_1506645932520_4683484','com.linkedin.drelephant.mapreduce.heuristics.ReducerTimeHeuristic','Reducer Time',0,0),
	(522727712,'application_1506645932520_4683484','com.linkedin.drelephant.mapreduce.heuristics.ReducerMemoryHeuristic','Reducer Memory',0,0),
	(522727714,'application_1506645932520_4683484','com.linkedin.drelephant.mapreduce.heuristics.ShuffleSortHeuristic','Shuffle & Sort',0,0),
	(522733410,'application_1506645932520_4684125','com.linkedin.drelephant.mapreduce.heuristics.MapperSkewHeuristic','Mapper Skew',0,0),
	(522733412,'application_1506645932520_4684125','com.linkedin.drelephant.mapreduce.heuristics.MapperGCHeuristic','Mapper GC',0,0),
	(522733413,'application_1506645932520_4684125','com.linkedin.drelephant.mapreduce.heuristics.MapperTimeHeuristic','Mapper Time',2,3810),
	(522733414,'application_1506645932520_4684125','com.linkedin.drelephant.mapreduce.heuristics.MapperSpeedHeuristic','Mapper Speed',0,0),
	(522733415,'application_1506645932520_4684125','com.linkedin.drelephant.mapreduce.heuristics.MapperSpillHeuristic','Mapper Spill',0,0),
	(522733416,'application_1506645932520_4684125','com.linkedin.drelephant.mapreduce.heuristics.MapperMemoryHeuristic','Mapper Memory',2,3810),
	(522733417,'application_1506645932520_4684125','com.linkedin.drelephant.mapreduce.heuristics.ReducerSkewHeuristic','Reducer Skew',0,0),
	(522733419,'application_1506645932520_4684125','com.linkedin.drelephant.mapreduce.heuristics.ReducerGCHeuristic','Reducer GC',0,0),
	(522733421,'application_1506645932520_4684125','com.linkedin.drelephant.mapreduce.heuristics.ReducerTimeHeuristic','Reducer Time',0,0),
	(522733423,'application_1506645932520_4684125','com.linkedin.drelephant.mapreduce.heuristics.ReducerMemoryHeuristic','Reducer Memory',0,0),
	(522733425,'application_1506645932520_4684125','com.linkedin.drelephant.mapreduce.heuristics.ShuffleSortHeuristic','Shuffle & Sort',0,0),
	(522770373,'application_1506645932520_4688339','com.linkedin.drelephant.mapreduce.heuristics.MapperSkewHeuristic','Mapper Skew',0,0),
	(522770375,'application_1506645932520_4688339','com.linkedin.drelephant.mapreduce.heuristics.MapperGCHeuristic','Mapper GC',0,0),
	(522770379,'application_1506645932520_4688339','com.linkedin.drelephant.mapreduce.heuristics.MapperTimeHeuristic','Mapper Time',0,0),
	(522770383,'application_1506645932520_4688339','com.linkedin.drelephant.mapreduce.heuristics.MapperSpeedHeuristic','Mapper Speed',0,0),
	(522770387,'application_1506645932520_4688339','com.linkedin.drelephant.mapreduce.heuristics.MapperSpillHeuristic','Mapper Spill',0,0),
	(522770390,'application_1506645932520_4688339','com.linkedin.drelephant.mapreduce.heuristics.MapperMemoryHeuristic','Mapper Memory',0,0),
	(522770396,'application_1506645932520_4688339','com.linkedin.drelephant.mapreduce.heuristics.ReducerSkewHeuristic','Reducer Skew',0,0),
	(522770400,'application_1506645932520_4688339','com.linkedin.drelephant.mapreduce.heuristics.ReducerGCHeuristic','Reducer GC',0,0),
	(522770404,'application_1506645932520_4688339','com.linkedin.drelephant.mapreduce.heuristics.ReducerTimeHeuristic','Reducer Time',0,0),
	(522770406,'application_1506645932520_4688339','com.linkedin.drelephant.mapreduce.heuristics.ReducerMemoryHeuristic','Reducer Memory',0,0),
	(522770411,'application_1506645932520_4688339','com.linkedin.drelephant.mapreduce.heuristics.ShuffleSortHeuristic','Shuffle & Sort',0,0),
	(522778895,'application_1506645932520_4683486','com.linkedin.drelephant.mapreduce.heuristics.MapperSkewHeuristic','Mapper Skew',0,0),
	(522778896,'application_1506645932520_4683486','com.linkedin.drelephant.mapreduce.heuristics.MapperGCHeuristic','Mapper GC',1,0),
	(522778897,'application_1506645932520_4683486','com.linkedin.drelephant.mapreduce.heuristics.MapperTimeHeuristic','Mapper Time',1,0),
	(522778898,'application_1506645932520_4683486','com.linkedin.drelephant.mapreduce.heuristics.MapperSpeedHeuristic','Mapper Speed',3,3),
	(522778899,'application_1506645932520_4683486','com.linkedin.drelephant.mapreduce.heuristics.MapperSpillHeuristic','Mapper Spill',0,0),
	(522778900,'application_1506645932520_4683486','com.linkedin.drelephant.mapreduce.heuristics.MapperMemoryHeuristic','Mapper Memory',3,3),
	(522778901,'application_1506645932520_4683486','com.linkedin.drelephant.mapreduce.heuristics.ReducerSkewHeuristic','Reducer Skew',0,0),
	(522778902,'application_1506645932520_4683486','com.linkedin.drelephant.mapreduce.heuristics.ReducerGCHeuristic','Reducer GC',0,0),
	(522778903,'application_1506645932520_4683486','com.linkedin.drelephant.mapreduce.heuristics.ReducerTimeHeuristic','Reducer Time',0,0),
	(522778904,'application_1506645932520_4683486','com.linkedin.drelephant.mapreduce.heuristics.ReducerMemoryHeuristic','Reducer Memory',3,3),
	(522778905,'application_1506645932520_4683486','com.linkedin.drelephant.mapreduce.heuristics.ShuffleSortHeuristic','Shuffle & Sort',0,0);

/*!40000 ALTER TABLE `yarn_app_heuristic_result` ENABLE KEYS */;
UNLOCK TABLES;


# Dump of table yarn_app_heuristic_result_details
# ------------------------------------------------------------

DROP TABLE IF EXISTS `yarn_app_heuristic_result_details`;

CREATE TABLE `yarn_app_heuristic_result_details` (
  `yarn_app_heuristic_result_id` int(11) NOT NULL COMMENT 'The application heuristic result id',
  `name` varchar(128) NOT NULL DEFAULT '' COMMENT 'The analysis detail entry name/key',
  `value` varchar(255) NOT NULL DEFAULT '' COMMENT 'The analysis detail value corresponding to the name',
  `details` text COMMENT 'More information on analysis details. e.g, stacktrace',
  PRIMARY KEY (`yarn_app_heuristic_result_id`,`name`),
  KEY `yarn_app_heuristic_result_details_i1` (`name`),
  CONSTRAINT `yarn_app_heuristic_result_details_f1` FOREIGN KEY (`yarn_app_heuristic_result_id`) REFERENCES `yarn_app_heuristic_result` (`id`)
) ENGINE=InnoDB DEFAULT CHARSET=latin1;

LOCK TABLES `yarn_app_heuristic_result_details` WRITE;
/*!40000 ALTER TABLE `yarn_app_heuristic_result_details` DISABLE KEYS */;

INSERT INTO `yarn_app_heuristic_result_details` (`yarn_app_heuristic_result_id`, `name`, `value`, `details`)
VALUES
	(12841,'Group A','0 tasks @ 0 bytes avg',NULL),
	(12841,'Group B','48 tasks @ 206 bytes avg',NULL),
	(12841,'Number of tasks','48',NULL),
	(12843,'Avg task CPU time (ms)','524',NULL),
	(12843,'Avg task GC time (ms)','44',NULL),
	(12843,'Avg task runtime (ms)','5120',NULL),
	(12843,'Number of tasks','48',NULL),
	(12843,'Task GC/CPU ratio','0.08396946564885496',NULL),
	(12845,'Average task input size','206 bytes',NULL),
	(12845,'Average task runtime','5 sec',NULL),
	(12845,'Max task runtime','5 sec',NULL),
	(12845,'Min task runtime','4 sec',NULL),
	(12845,'Number of tasks','48',NULL),
	(12847,'Median task input size','206 bytes',NULL),
	(12847,'Median task runtime','5 sec',NULL),
	(12847,'Median task speed','40 bytes/s',NULL),
	(12847,'Number of tasks','48',NULL),
	(12849,'Avg output records per task','1',NULL),
	(12849,'Avg spilled records per task','1',NULL),
	(12849,'Number of tasks','48',NULL),
	(12849,'Ratio of spilled records to output records','1.0',NULL),
	(12851,'Avg Physical Memory (MB)','318',NULL),
	(12851,'Avg task runtime','5 sec',NULL),
	(12851,'Avg Virtual Memory (MB)','9116',NULL),
	(12851,'Max Physical Memory (MB)','328',NULL),
	(12851,'Min Physical Memory (MB)','304',NULL),
	(12851,'Number of tasks','48',NULL),
	(12851,'Requested Container Memory','8 GB',NULL),
	(12853,'Group A','0 tasks @ 0 bytes avg',NULL),
	(12853,'Group B','4 tasks @ 2 KB avg',NULL),
	(12853,'Number of tasks','4',NULL),
	(12855,'Avg task CPU time (ms)','930170',NULL),
	(12855,'Avg task GC time (ms)','4372',NULL),
	(12855,'Avg task runtime (ms)','871877',NULL),
	(12855,'Number of tasks','4',NULL),
	(12855,'Task GC/CPU ratio','0.004700216089532021',NULL),
	(12856,'Average task runtime','14 min 31 sec',NULL),
	(12856,'Max task runtime','14 min 36 sec',NULL),
	(12856,'Min task runtime','14 min 29 sec',NULL),
	(12856,'Number of tasks','4',NULL),
	(12858,'Avg Physical Memory (MB)','3398',NULL),
	(12858,'Avg task runtime','14 min 31 sec',NULL),
	(12858,'Avg Virtual Memory (MB)','9140',NULL),
	(12858,'Max Physical Memory (MB)','3484',NULL),
	(12858,'Min Physical Memory (MB)','3352',NULL),
	(12858,'Number of tasks','4',NULL),
	(12858,'Requested Container Memory','8 GB',NULL),
	(12861,'Average code runtime','14 min 27 sec',NULL),
	(12861,'Average shuffle time','4 sec (0.00x)',NULL),
	(12861,'Average sort time',' (0.00x)',NULL),
	(12861,'Number of tasks','4',NULL),
	(522653471,'Data skew (Group A)','0 tasks @ 0 bytes avg',NULL),
	(522653471,'Data skew (Group B)','1 tasks @ 54 MB avg',NULL),
	(522653471,'Data skew (Number of tasks)','1',NULL),
	(522653471,'Time skew (Group A)','0 tasks @ 0 msec avg',NULL),
	(522653471,'Time skew (Group B)','1 tasks @ 00:01:07 HH:MM:SS avg',NULL),
	(522653471,'Time skew (Number of tasks)','1',NULL),
	(522653472,'Avg task CPU time (ms)','31760',NULL),
	(522653472,'Avg task GC time (ms)','599',NULL),
	(522653472,'Avg task runtime (ms)','67399',NULL),
	(522653472,'Number of tasks','1',NULL),
	(522653472,'Task GC/CPU ratio','0.018860201511335013',NULL),
	(522653473,'Average task input size','54 MB',NULL),
	(522653473,'Average task runtime','1 min 7 sec',NULL),
	(522653473,'Max task runtime','1 min 7 sec',NULL),
	(522653473,'Min task runtime','1 min 7 sec',NULL),
	(522653473,'Number of tasks','1',NULL),
	(522653474,'Median task input size','54 MB',NULL),
	(522653474,'Median task runtime','1 min 7 sec',NULL),
	(522653474,'Median task speed','834 KB/s',NULL),
	(522653474,'Number of tasks','1',NULL),
	(522653475,'Avg output records per task','9743',NULL),
	(522653475,'Avg spilled records per task','9126',NULL),
	(522653475,'Number of tasks','1',NULL),
	(522653475,'Ratio of spilled records to output records','0.93667248280817',NULL),
	(522653476,'Avg Physical Memory (MB)','1485',NULL),
	(522653476,'Avg task runtime','1 min 7 sec',NULL),
	(522653476,'Avg Virtual Memory (MB)','4985',NULL),
	(522653476,'Max Physical Memory (MB)','1485',NULL),
	(522653476,'Min Physical Memory (MB)','1485',NULL),
	(522653476,'Number of tasks','1',NULL),
	(522653476,'Requested Container Memory','4 GB',NULL),
	(522653477,'Data skew (Group A)','50 tasks @ 1003 bytes avg',NULL),
	(522653477,'Data skew (Group B)','50 tasks @ 1 KB avg',NULL),
	(522653477,'Data skew (Number of tasks)','100',NULL),
	(522653477,'Time skew (Group A)','51 tasks @ 00:00:09 HH:MM:SS avg',NULL),
	(522653477,'Time skew (Group B)','49 tasks @ 00:00:13 HH:MM:SS avg',NULL),
	(522653477,'Time skew (Number of tasks)','100',NULL),
	(522653478,'Avg task CPU time (ms)','2258',NULL),
	(522653478,'Avg task GC time (ms)','212',NULL),
	(522653478,'Avg task runtime (ms)','11185',NULL),
	(522653478,'Number of tasks','100',NULL),
	(522653478,'Task GC/CPU ratio','0.09388839681133747',NULL),
	(522653479,'Average task runtime','11 sec',NULL),
	(522653479,'Max task runtime','17 sec',NULL),
	(522653479,'Min task runtime','6 sec',NULL),
	(522653479,'Number of tasks','100',NULL),
	(522653480,'Avg Physical Memory (MB)','623',NULL),
	(522653480,'Avg task runtime','11 sec',NULL),
	(522653480,'Avg Virtual Memory (MB)','4976',NULL),
	(522653480,'Max Physical Memory (MB)','677',NULL),
	(522653480,'Min Physical Memory (MB)','508',NULL),
	(522653480,'Number of tasks','100',NULL),
	(522653480,'Requested Container Memory','4 GB',NULL),
	(522653481,'Average code runtime','1 sec',NULL),
	(522653481,'Average shuffle time','9 sec (8.13x)',NULL),
	(522653481,'Average sort time',' (0.05x)',NULL),
	(522653481,'Number of tasks','100',NULL),
	(522662488,'Data skew (Group A)','8 tasks @ 1 GB avg',NULL),
	(522662488,'Data skew (Group B)','19 tasks @ 1 GB avg',NULL),
	(522662488,'Data skew (Number of tasks)','27',NULL),
	(522662488,'Time skew (Group A)','15 tasks @ 00:06:46 HH:MM:SS avg',NULL),
	(522662488,'Time skew (Group B)','12 tasks @ 00:08:37 HH:MM:SS avg',NULL),
	(522662488,'Time skew (Number of tasks)','27',NULL),
	(522662489,'Avg task CPU time (ms)','434352',NULL),
	(522662489,'Avg task GC time (ms)','5466',NULL),
	(522662489,'Avg task runtime (ms)','455746',NULL),
	(522662489,'Number of tasks','27',NULL),
	(522662489,'Task GC/CPU ratio','0.012584263454525362',NULL),
	(522662490,'Average task input size','1 GB',NULL),
	(522662490,'Average task runtime','7 min 35 sec',NULL),
	(522662490,'Max task runtime','10 min 34 sec',NULL),
	(522662490,'Min task runtime','4 min 28 sec',NULL),
	(522662490,'Number of tasks','27',NULL),
	(522662491,'Median task input size','1 GB',NULL),
	(522662491,'Median task runtime','7 min 28 sec',NULL),
	(522662491,'Median task speed','3 MB/s',NULL),
	(522662491,'Number of tasks','27',NULL),
	(522662493,'Avg output records per task','31583580',NULL),
	(522662493,'Avg spilled records per task','0',NULL),
	(522662493,'Number of tasks','27',NULL),
	(522662493,'Ratio of spilled records to output records','0.0',NULL),
	(522662495,'Avg Physical Memory (MB)','1687',NULL),
	(522662495,'Avg task runtime','7 min 35 sec',NULL),
	(522662495,'Avg Virtual Memory (MB)','5402',NULL),
	(522662495,'Max Physical Memory (MB)','2043',NULL),
	(522662495,'Min Physical Memory (MB)','1515',NULL),
	(522662495,'Number of tasks','27',NULL),
	(522662495,'Requested Container Memory','4 GB',NULL),
	(522662498,'Data skew (Group A)','0 tasks @ 0 bytes avg',NULL),
	(522662498,'Data skew (Group B)','0 tasks @ 0 bytes avg',NULL),
	(522662498,'Data skew (Number of tasks)','0',NULL),
	(522662498,'Time skew (Group A)','0 tasks @ 0 msec avg',NULL),
	(522662498,'Time skew (Group B)','0 tasks @ 0 msec avg',NULL),
	(522662498,'Time skew (Number of tasks)','0',NULL),
	(522662502,'Avg task CPU time (ms)','0',NULL),
	(522662502,'Avg task GC time (ms)','0',NULL),
	(522662502,'Avg task runtime (ms)','0',NULL),
	(522662502,'Number of tasks','0',NULL),
	(522662502,'Task GC/CPU ratio','0.0',NULL),
	(522662505,'Average task runtime','0 sec',NULL),
	(522662505,'Max task runtime','0 sec',NULL),
	(522662505,'Min task runtime','0 sec',NULL),
	(522662505,'Number of tasks','0',NULL),
	(522662508,'Avg Physical Memory (MB)','0',NULL),
	(522662508,'Avg task runtime','0 sec',NULL),
	(522662508,'Avg Virtual Memory (MB)','0',NULL),
	(522662508,'Max Physical Memory (MB)','0',NULL),
	(522662508,'Min Physical Memory (MB)','0',NULL),
	(522662508,'Number of tasks','0',NULL),
	(522662508,'Requested Container Memory','4 GB',NULL),
	(522662511,'Average code runtime','0 sec',NULL),
	(522662511,'Average shuffle time','0 sec ',NULL),
	(522662511,'Average sort time','0 sec ',NULL),
	(522662511,'Number of tasks','0',NULL),
	(522670846,'Data skew (Group A)','37 tasks @ 1 GB avg',NULL),
	(522670846,'Data skew (Group B)','97 tasks @ 1 GB avg',NULL),
	(522670846,'Data skew (Number of tasks)','134',NULL),
	(522670846,'Time skew (Group A)','70 tasks @ 00:01:10 HH:MM:SS avg',NULL),
	(522670846,'Time skew (Group B)','64 tasks @ 00:01:40 HH:MM:SS avg',NULL),
	(522670846,'Time skew (Number of tasks)','134',NULL),
	(522670848,'Avg task CPU time (ms)','70093',NULL),
	(522670848,'Avg task GC time (ms)','1697',NULL),
	(522670848,'Avg task runtime (ms)','84905',NULL),
	(522670848,'Number of tasks','134',NULL),
	(522670848,'Task GC/CPU ratio','0.0242106915098512',NULL),
	(522670850,'Average task input size','1 GB',NULL),
	(522670850,'Average task runtime','1 min 24 sec',NULL),
	(522670850,'Max task runtime','3 min 41 sec',NULL),
	(522670850,'Min task runtime','37 sec',NULL),
	(522670850,'Number of tasks','134',NULL),
	(522670852,'Median task input size','2 GB',NULL),
	(522670852,'Median task runtime','1 min 23 sec',NULL),
	(522670852,'Median task speed','22 MB/s',NULL),
	(522670852,'Number of tasks','134',NULL),
	(522670854,'Avg output records per task','223617',NULL),
	(522670854,'Avg spilled records per task','281090',NULL),
	(522670854,'Number of tasks','134',NULL),
	(522670854,'Ratio of spilled records to output records','1.257014065825939',NULL),
	(522670856,'Avg Physical Memory (MB)','1465',NULL),
	(522670856,'Avg task runtime','1 min 24 sec',NULL),
	(522670856,'Avg Virtual Memory (MB)','4972',NULL),
	(522670856,'Max Physical Memory (MB)','1538',NULL),
	(522670856,'Min Physical Memory (MB)','1438',NULL),
	(522670856,'Number of tasks','134',NULL),
	(522670856,'Requested Container Memory','4 GB',NULL),
	(522670858,'Data skew (Group A)','99 tasks @ 11 MB avg',NULL),
	(522670858,'Data skew (Group B)','1 tasks @ 154 MB avg',NULL),
	(522670858,'Data skew (Number of tasks)','100',NULL),
	(522670858,'Time skew (Group A)','27 tasks @ 00:00:09 HH:MM:SS avg',NULL),
	(522670858,'Time skew (Group B)','73 tasks @ 00:00:20 HH:MM:SS avg',NULL),
	(522670858,'Time skew (Number of tasks)','100',NULL),
	(522670861,'Avg task CPU time (ms)','10679',NULL),
	(522670861,'Avg task GC time (ms)','343',NULL),
	(522670861,'Avg task runtime (ms)','17374',NULL),
	(522670861,'Number of tasks','100',NULL),
	(522670861,'Task GC/CPU ratio','0.03211911227643038',NULL),
	(522670862,'Average task runtime','17 sec',NULL),
	(522670862,'Max task runtime','1 min 53 sec',NULL),
	(522670862,'Min task runtime','6 sec',NULL),
	(522670862,'Number of tasks','100',NULL),
	(522670864,'Avg Physical Memory (MB)','782',NULL),
	(522670864,'Avg task runtime','17 sec',NULL),
	(522670864,'Avg Virtual Memory (MB)','4978',NULL),
	(522670864,'Max Physical Memory (MB)','1498',NULL),
	(522670864,'Min Physical Memory (MB)','517',NULL),
	(522670864,'Number of tasks','100',NULL),
	(522670864,'Requested Container Memory','4 GB',NULL),
	(522670865,'Average code runtime','5 sec',NULL),
	(522670865,'Average shuffle time','11 sec (2.06x)',NULL),
	(522670865,'Average sort time',' (0.14x)',NULL),
	(522670865,'Number of tasks','100',NULL),
	(522678688,'Data skew (Group A)','40 tasks @ 1 GB avg',NULL),
	(522678688,'Data skew (Group B)','97 tasks @ 1 GB avg',NULL),
	(522678688,'Data skew (Number of tasks)','137',NULL),
	(522678688,'Time skew (Group A)','37 tasks @ 00:01:58 HH:MM:SS avg',NULL),
	(522678688,'Time skew (Group B)','100 tasks @ 00:03:01 HH:MM:SS avg',NULL),
	(522678688,'Time skew (Number of tasks)','137',NULL),
	(522678691,'Avg task CPU time (ms)','166538',NULL),
	(522678691,'Avg task GC time (ms)','1783',NULL),
	(522678691,'Avg task runtime (ms)','164304',NULL),
	(522678691,'Number of tasks','137',NULL),
	(522678691,'Task GC/CPU ratio','0.01070626523676278',NULL),
	(522678694,'Average task input size','1 GB',NULL),
	(522678694,'Average task runtime','2 min 44 sec',NULL),
	(522678694,'Max task runtime','6 min 15 sec',NULL),
	(522678694,'Min task runtime','12 sec',NULL),
	(522678694,'Number of tasks','137',NULL),
	(522678698,'Median task input size','2 GB',NULL),
	(522678698,'Median task runtime','2 min 50 sec',NULL),
	(522678698,'Median task speed','11 MB/s',NULL),
	(522678698,'Number of tasks','137',NULL),
	(522678700,'Avg output records per task','6283730',NULL),
	(522678700,'Avg spilled records per task','16757624',NULL),
	(522678700,'Number of tasks','137',NULL),
	(522678700,'Ratio of spilled records to output records','2.666827264461343',NULL),
	(522678702,'Avg Physical Memory (MB)','1526',NULL),
	(522678702,'Avg task runtime','2 min 44 sec',NULL),
	(522678702,'Avg Virtual Memory (MB)','5005',NULL),
	(522678702,'Max Physical Memory (MB)','1755',NULL),
	(522678702,'Min Physical Memory (MB)','567',NULL),
	(522678702,'Number of tasks','137',NULL),
	(522678702,'Requested Container Memory','4 GB',NULL),
	(522678704,'Data skew (Group A)','83 tasks @ 810 MB avg',NULL),
	(522678704,'Data skew (Group B)','17 tasks @ 814 MB avg',NULL),
	(522678704,'Data skew (Number of tasks)','100',NULL),
	(522678704,'Time skew (Group A)','45 tasks @ 00:01:48 HH:MM:SS avg',NULL),
	(522678704,'Time skew (Group B)','55 tasks @ 00:02:18 HH:MM:SS avg',NULL),
	(522678704,'Time skew (Number of tasks)','100',NULL),
	(522678706,'Avg task CPU time (ms)','130466',NULL),
	(522678706,'Avg task GC time (ms)','5197',NULL),
	(522678706,'Avg task runtime (ms)','124849',NULL),
	(522678706,'Number of tasks','100',NULL),
	(522678706,'Task GC/CPU ratio','0.03983413303082795',NULL),
	(522678708,'Average task runtime','2 min 4 sec',NULL),
	(522678708,'Max task runtime','2 min 45 sec',NULL),
	(522678708,'Min task runtime','1 min 14 sec',NULL),
	(522678708,'Number of tasks','100',NULL),
	(522678709,'Avg Physical Memory (MB)','3033',NULL),
	(522678709,'Avg task runtime','2 min 4 sec',NULL),
	(522678709,'Avg Virtual Memory (MB)','4984',NULL),
	(522678709,'Max Physical Memory (MB)','3449',NULL),
	(522678709,'Min Physical Memory (MB)','2116',NULL),
	(522678709,'Number of tasks','100',NULL),
	(522678709,'Requested Container Memory','4 GB',NULL),
	(522678710,'Average code runtime','1 min 19 sec',NULL),
	(522678710,'Average shuffle time','36 sec (0.46x)',NULL),
	(522678710,'Average sort time','8 sec (0.10x)',NULL),
	(522678710,'Number of tasks','100',NULL),
	(522710561,'Data skew (Group A)','6 tasks @ 1 GB avg',NULL),
	(522710561,'Data skew (Group B)','3 tasks @ 1 GB avg',NULL),
	(522710561,'Data skew (Number of tasks)','9',NULL),
	(522710561,'Time skew (Group A)','3 tasks @ 00:05:13 HH:MM:SS avg',NULL),
	(522710561,'Time skew (Group B)','6 tasks @ 00:22:37 HH:MM:SS avg',NULL),
	(522710561,'Time skew (Number of tasks)','9',NULL),
	(522710562,'Avg task CPU time (ms)','1178635',NULL),
	(522710562,'Avg task GC time (ms)','10639',NULL),
	(522710562,'Avg task runtime (ms)','1009745',NULL),
	(522710562,'Number of tasks','9',NULL),
	(522710562,'Task GC/CPU ratio','0.009026543416749036',NULL),
	(522710564,'Average task input size','1 GB',NULL),
	(522710564,'Average task runtime','16 min 49 sec',NULL),
	(522710564,'Max task runtime','29 min 33 sec',NULL),
	(522710564,'Min task runtime','59 sec',NULL),
	(522710564,'Number of tasks','9',NULL),
	(522710565,'Median task input size','1 GB',NULL),
	(522710565,'Median task runtime','18 min 54 sec',NULL),
	(522710565,'Median task speed','1 MB/s',NULL),
	(522710565,'Number of tasks','9',NULL),
	(522710567,'Avg output records per task','68449805',NULL),
	(522710567,'Avg spilled records per task','200281146',NULL),
	(522710567,'Number of tasks','9',NULL),
	(522710567,'Ratio of spilled records to output records','2.9259564048398308',NULL),
	(522710569,'Avg Physical Memory (MB)','1502',NULL),
	(522710569,'Avg task runtime','16 min 49 sec',NULL),
	(522710569,'Avg Virtual Memory (MB)','4976',NULL),
	(522710569,'Max Physical Memory (MB)','1522',NULL),
	(522710569,'Min Physical Memory (MB)','1452',NULL),
	(522710569,'Number of tasks','9',NULL),
	(522710569,'Requested Container Memory','4 GB',NULL),
	(522710571,'Data skew (Group A)','98 tasks @ 121 MB avg',NULL),
	(522710571,'Data skew (Group B)','2 tasks @ 169 MB avg',NULL),
	(522710571,'Data skew (Number of tasks)','100',NULL),
	(522710571,'Time skew (Group A)','55 tasks @ 00:00:37 HH:MM:SS avg',NULL),
	(522710571,'Time skew (Group B)','45 tasks @ 00:00:58 HH:MM:SS avg',NULL),
	(522710571,'Time skew (Number of tasks)','100',NULL),
	(522710572,'Avg task CPU time (ms)','36421',NULL),
	(522710572,'Avg task GC time (ms)','954',NULL),
	(522710572,'Avg task runtime (ms)','46487',NULL),
	(522710572,'Number of tasks','100',NULL),
	(522710572,'Task GC/CPU ratio','0.026193679470635074',NULL),
	(522710576,'Average task runtime','46 sec',NULL),
	(522710576,'Max task runtime','2 min 2 sec',NULL),
	(522710576,'Min task runtime','21 sec',NULL),
	(522710576,'Number of tasks','100',NULL),
	(522710577,'Avg Physical Memory (MB)','1353',NULL),
	(522710577,'Avg task runtime','46 sec',NULL),
	(522710577,'Avg Virtual Memory (MB)','4982',NULL),
	(522710577,'Max Physical Memory (MB)','1996',NULL),
	(522710577,'Min Physical Memory (MB)','1209',NULL),
	(522710577,'Number of tasks','100',NULL),
	(522710577,'Requested Container Memory','4 GB',NULL),
	(522710583,'Average code runtime','24 sec',NULL),
	(522710583,'Average shuffle time','20 sec (0.86x)',NULL),
	(522710583,'Average sort time','1 sec (0.06x)',NULL),
	(522710583,'Number of tasks','100',NULL),
	(522715767,'Data skew (Group A)','0 tasks @ 0 bytes avg',NULL),
	(522715767,'Data skew (Group B)','1 tasks @ 161 MB avg',NULL),
	(522715767,'Data skew (Number of tasks)','1',NULL),
	(522715767,'Time skew (Group A)','0 tasks @ 0 msec avg',NULL),
	(522715767,'Time skew (Group B)','1 tasks @ 00:00:43 HH:MM:SS avg',NULL),
	(522715767,'Time skew (Number of tasks)','1',NULL),
	(522715771,'Avg task CPU time (ms)','48580',NULL),
	(522715771,'Avg task GC time (ms)','282',NULL),
	(522715771,'Avg task runtime (ms)','43903',NULL),
	(522715771,'Number of tasks','1',NULL),
	(522715771,'Task GC/CPU ratio','0.005804857966241251',NULL),
	(522715774,'Average task input size','161 MB',NULL),
	(522715774,'Average task runtime','43 sec',NULL),
	(522715774,'Max task runtime','43 sec',NULL),
	(522715774,'Min task runtime','43 sec',NULL),
	(522715774,'Number of tasks','1',NULL),
	(522715778,'Median task input size','161 MB',NULL),
	(522715778,'Median task runtime','43 sec',NULL),
	(522715778,'Median task speed','3 MB/s',NULL),
	(522715778,'Number of tasks','1',NULL),
	(522715781,'Avg output records per task','5436130',NULL),
	(522715781,'Avg spilled records per task','1375341',NULL),
	(522715781,'Number of tasks','1',NULL),
	(522715781,'Ratio of spilled records to output records','0.25300002023498336',NULL),
	(522715784,'Avg Physical Memory (MB)','820',NULL),
	(522715784,'Avg task runtime','43 sec',NULL),
	(522715784,'Avg Virtual Memory (MB)','2368',NULL),
	(522715784,'Max Physical Memory (MB)','820',NULL),
	(522715784,'Min Physical Memory (MB)','820',NULL),
	(522715784,'Number of tasks','1',NULL),
	(522715784,'Requested Container Memory','2 GB',NULL),
	(522715789,'Data skew (Group A)','0 tasks @ 0 bytes avg',NULL),
	(522715789,'Data skew (Group B)','1 tasks @ 4 MB avg',NULL),
	(522715789,'Data skew (Number of tasks)','1',NULL),
	(522715789,'Time skew (Group A)','0 tasks @ 0 msec avg',NULL),
	(522715789,'Time skew (Group B)','1 tasks @ 00:00:20 HH:MM:SS avg',NULL),
	(522715789,'Time skew (Number of tasks)','1',NULL),
	(522715792,'Avg task CPU time (ms)','11270',NULL),
	(522715792,'Avg task GC time (ms)','248',NULL),
	(522715792,'Avg task runtime (ms)','20622',NULL),
	(522715792,'Number of tasks','1',NULL),
	(522715792,'Task GC/CPU ratio','0.022005323868677908',NULL),
	(522715794,'Average task runtime','20 sec',NULL),
	(522715794,'Max task runtime','20 sec',NULL),
	(522715794,'Min task runtime','20 sec',NULL),
	(522715794,'Number of tasks','1',NULL),
	(522715796,'Avg Physical Memory (MB)','547',NULL),
	(522715796,'Avg task runtime','20 sec',NULL),
	(522715796,'Avg Virtual Memory (MB)','2360',NULL),
	(522715796,'Max Physical Memory (MB)','547',NULL),
	(522715796,'Min Physical Memory (MB)','547',NULL),
	(522715796,'Number of tasks','1',NULL),
	(522715796,'Requested Container Memory','2 GB',NULL),
	(522715798,'Average code runtime','7 sec',NULL),
	(522715798,'Average shuffle time','12 sec (1.74x)',NULL),
	(522715798,'Average sort time',' (0.13x)',NULL),
	(522715798,'Number of tasks','1',NULL),
	(522719323,'Data skew (Group A)','99 tasks @ 4 MB avg',NULL),
	(522719323,'Data skew (Group B)','1 tasks @ 54 MB avg',NULL),
	(522719323,'Data skew (Number of tasks)','100',NULL),
	(522719323,'Time skew (Group A)','56 tasks @ 00:00:19 HH:MM:SS avg',NULL),
	(522719323,'Time skew (Group B)','44 tasks @ 00:00:26 HH:MM:SS avg',NULL),
	(522719323,'Time skew (Number of tasks)','100',NULL),
	(522719324,'Avg task CPU time (ms)','11110',NULL),
	(522719324,'Avg task GC time (ms)','226',NULL),
	(522719324,'Avg task runtime (ms)','22829',NULL),
	(522719324,'Number of tasks','100',NULL),
	(522719324,'Task GC/CPU ratio','0.02034203420342034',NULL),
	(522719325,'Average task input size','4 MB',NULL),
	(522719325,'Average task runtime','22 sec',NULL),
	(522719325,'Max task runtime','45 sec',NULL),
	(522719325,'Min task runtime','13 sec',NULL),
	(522719325,'Number of tasks','100',NULL),
	(522719326,'Median task input size','3 MB',NULL),
	(522719326,'Median task runtime','21 sec',NULL),
	(522719326,'Median task speed','185 KB/s',NULL),
	(522719326,'Number of tasks','100',NULL),
	(522719327,'Avg output records per task','81238',NULL),
	(522719327,'Avg spilled records per task','94549',NULL),
	(522719327,'Number of tasks','100',NULL),
	(522719327,'Ratio of spilled records to output records','1.1638498299262576',NULL),
	(522719328,'Avg Physical Memory (MB)','636',NULL),
	(522719328,'Avg task runtime','22 sec',NULL),
	(522719328,'Avg Virtual Memory (MB)','4930',NULL),
	(522719328,'Max Physical Memory (MB)','1181',NULL),
	(522719328,'Min Physical Memory (MB)','507',NULL),
	(522719328,'Number of tasks','100',NULL),
	(522719328,'Requested Container Memory','4 GB',NULL),
	(522719329,'Data skew (Group A)','0 tasks @ 0 bytes avg',NULL),
	(522719329,'Data skew (Group B)','1 tasks @ 697 MB avg',NULL),
	(522719329,'Data skew (Number of tasks)','1',NULL),
	(522719329,'Time skew (Group A)','0 tasks @ 0 msec avg',NULL),
	(522719329,'Time skew (Group B)','1 tasks @ 00:07:07 HH:MM:SS avg',NULL),
	(522719329,'Time skew (Number of tasks)','1',NULL),
	(522719330,'Avg task CPU time (ms)','440570',NULL),
	(522719330,'Avg task GC time (ms)','2613',NULL),
	(522719330,'Avg task runtime (ms)','427759',NULL),
	(522719330,'Number of tasks','1',NULL),
	(522719330,'Task GC/CPU ratio','0.005930953083505459',NULL),
	(522719331,'Average task runtime','7 min 7 sec',NULL),
	(522719331,'Max task runtime','7 min 7 sec',NULL),
	(522719331,'Min task runtime','7 min 7 sec',NULL),
	(522719331,'Number of tasks','1',NULL),
	(522719332,'Avg Physical Memory (MB)','3404',NULL),
	(522719332,'Avg task runtime','7 min 7 sec',NULL),
	(522719332,'Avg Virtual Memory (MB)','4944',NULL),
	(522719332,'Max Physical Memory (MB)','3404',NULL),
	(522719332,'Min Physical Memory (MB)','3404',NULL),
	(522719332,'Number of tasks','1',NULL),
	(522719332,'Requested Container Memory','4 GB',NULL),
	(522719333,'Average code runtime','6 min 16 sec',NULL),
	(522719333,'Average shuffle time','39 sec (0.11x)',NULL),
	(522719333,'Average sort time','10 sec (0.03x)',NULL),
	(522719333,'Number of tasks','1',NULL),
	(522727687,'Data skew (Group A)','0 tasks @ 0 bytes avg',NULL),
	(522727687,'Data skew (Group B)','1 tasks @ 469 MB avg',NULL),
	(522727687,'Data skew (Number of tasks)','1',NULL),
	(522727687,'Time skew (Group A)','0 tasks @ 0 msec avg',NULL),
	(522727687,'Time skew (Group B)','1 tasks @ 00:00:22 HH:MM:SS avg',NULL),
	(522727687,'Time skew (Number of tasks)','1',NULL),
	(522727691,'Avg task CPU time (ms)','8450',NULL),
	(522727691,'Avg task GC time (ms)','190',NULL),
	(522727691,'Avg task runtime (ms)','22069',NULL),
	(522727691,'Number of tasks','1',NULL),
	(522727691,'Task GC/CPU ratio','0.022485207100591716',NULL),
	(522727693,'Average task input size','469 MB',NULL),
	(522727693,'Average task runtime','22 sec',NULL),
	(522727693,'Max task runtime','22 sec',NULL),
	(522727693,'Min task runtime','22 sec',NULL),
	(522727693,'Number of tasks','1',NULL),
	(522727696,'Median task input size','469 MB',NULL),
	(522727696,'Median task runtime','22 sec',NULL),
	(522727696,'Median task speed','21 MB/s',NULL),
	(522727696,'Number of tasks','1',NULL),
	(522727698,'Avg output records per task','0',NULL),
	(522727698,'Avg spilled records per task','0',NULL),
	(522727698,'Number of tasks','1',NULL),
	(522727698,'Ratio of spilled records to output records','0.0',NULL),
	(522727700,'Avg Physical Memory (MB)','705',NULL),
	(522727700,'Avg task runtime','22 sec',NULL),
	(522727700,'Avg Virtual Memory (MB)','4898',NULL),
	(522727700,'Max Physical Memory (MB)','705',NULL),
	(522727700,'Min Physical Memory (MB)','705',NULL),
	(522727700,'Number of tasks','1',NULL),
	(522727700,'Requested Container Memory','4 GB',NULL),
	(522727705,'Data skew (Group A)','0 tasks @ 0 bytes avg',NULL),
	(522727705,'Data skew (Group B)','0 tasks @ 0 bytes avg',NULL),
	(522727705,'Data skew (Number of tasks)','0',NULL),
	(522727705,'Time skew (Group A)','0 tasks @ 0 msec avg',NULL),
	(522727705,'Time skew (Group B)','0 tasks @ 0 msec avg',NULL),
	(522727705,'Time skew (Number of tasks)','0',NULL),
	(522727708,'Avg task CPU time (ms)','0',NULL),
	(522727708,'Avg task GC time (ms)','0',NULL),
	(522727708,'Avg task runtime (ms)','0',NULL),
	(522727708,'Number of tasks','0',NULL),
	(522727708,'Task GC/CPU ratio','0.0',NULL),
	(522727710,'Average task runtime','0 sec',NULL),
	(522727710,'Max task runtime','0 sec',NULL),
	(522727710,'Min task runtime','0 sec',NULL),
	(522727710,'Number of tasks','0',NULL),
	(522727712,'Avg Physical Memory (MB)','0',NULL),
	(522727712,'Avg task runtime','0 sec',NULL),
	(522727712,'Avg Virtual Memory (MB)','0',NULL),
	(522727712,'Max Physical Memory (MB)','0',NULL),
	(522727712,'Min Physical Memory (MB)','0',NULL),
	(522727712,'Number of tasks','0',NULL),
	(522727712,'Requested Container Memory','4 GB',NULL),
	(522727714,'Average code runtime','0 sec',NULL),
	(522727714,'Average shuffle time','0 sec ',NULL),
	(522727714,'Average sort time','0 sec ',NULL),
	(522727714,'Number of tasks','0',NULL),
	(522733410,'Data skew (Group A)','970 tasks @ 684 MB avg',NULL),
	(522733410,'Data skew (Group B)','935 tasks @ 688 MB avg',NULL),
	(522733410,'Data skew (Number of tasks)','1905',NULL),
	(522733410,'Time skew (Group A)','1003 tasks @ 00:02:28 HH:MM:SS avg',NULL),
	(522733410,'Time skew (Group B)','902 tasks @ 00:03:15 HH:MM:SS avg',NULL),
	(522733410,'Time skew (Number of tasks)','1905',NULL),
	(522733412,'Avg task CPU time (ms)','158618',NULL),
	(522733412,'Avg task GC time (ms)','712',NULL),
	(522733412,'Avg task runtime (ms)','170374',NULL),
	(522733412,'Number of tasks','1905',NULL),
	(522733412,'Task GC/CPU ratio','0.004488771766129948',NULL),
	(522733413,'Average task input size','686 MB',NULL),
	(522733413,'Average task runtime','2 min 50 sec',NULL),
	(522733413,'Max task runtime','4 min 57 sec',NULL),
	(522733413,'Min task runtime','1 min 49 sec',NULL),
	(522733413,'Number of tasks','1905',NULL),
	(522733414,'Median task input size','686 MB',NULL),
	(522733414,'Median task runtime','2 min 48 sec',NULL),
	(522733414,'Median task speed','4 MB/s',NULL),
	(522733414,'Number of tasks','1905',NULL),
	(522733415,'Avg output records per task','446666',NULL),
	(522733415,'Avg spilled records per task','0',NULL),
	(522733415,'Number of tasks','1905',NULL),
	(522733415,'Ratio of spilled records to output records','0.0',NULL),
	(522733416,'Avg Physical Memory (MB)','793',NULL),
	(522733416,'Avg task runtime','2 min 50 sec',NULL),
	(522733416,'Avg Virtual Memory (MB)','4892',NULL),
	(522733416,'Max Physical Memory (MB)','1236',NULL),
	(522733416,'Min Physical Memory (MB)','458',NULL),
	(522733416,'Number of tasks','1905',NULL),
	(522733416,'Requested Container Memory','3 GB',NULL),
	(522733417,'Data skew (Group A)','0 tasks @ 0 bytes avg',NULL),
	(522733417,'Data skew (Group B)','0 tasks @ 0 bytes avg',NULL),
	(522733417,'Data skew (Number of tasks)','0',NULL),
	(522733417,'Time skew (Group A)','0 tasks @ 0 msec avg',NULL),
	(522733417,'Time skew (Group B)','0 tasks @ 0 msec avg',NULL),
	(522733417,'Time skew (Number of tasks)','0',NULL),
	(522733419,'Avg task CPU time (ms)','0',NULL),
	(522733419,'Avg task GC time (ms)','0',NULL),
	(522733419,'Avg task runtime (ms)','0',NULL),
	(522733419,'Number of tasks','0',NULL),
	(522733419,'Task GC/CPU ratio','0.0',NULL),
	(522733421,'Average task runtime','0 sec',NULL),
	(522733421,'Max task runtime','0 sec',NULL),
	(522733421,'Min task runtime','0 sec',NULL),
	(522733421,'Number of tasks','0',NULL),
	(522733423,'Avg Physical Memory (MB)','0',NULL),
	(522733423,'Avg task runtime','0 sec',NULL),
	(522733423,'Avg Virtual Memory (MB)','0',NULL),
	(522733423,'Max Physical Memory (MB)','0',NULL),
	(522733423,'Min Physical Memory (MB)','0',NULL),
	(522733423,'Number of tasks','0',NULL),
	(522733423,'Requested Container Memory','2 GB',NULL),
	(522733425,'Average code runtime','0 sec',NULL),
	(522733425,'Average shuffle time','0 sec ',NULL),
	(522733425,'Average sort time','0 sec ',NULL),
	(522733425,'Number of tasks','0',NULL),
	(522770373,'Data skew (Group A)','0 tasks @ 0 bytes avg',NULL),
	(522770373,'Data skew (Group B)','1 tasks @ 2 KB avg',NULL),
	(522770373,'Data skew (Number of tasks)','1',NULL),
	(522770373,'Time skew (Group A)','0 tasks @ 0 msec avg',NULL),
	(522770373,'Time skew (Group B)','1 tasks @ 00:00:11 HH:MM:SS avg',NULL),
	(522770373,'Time skew (Number of tasks)','1',NULL),
	(522770375,'Avg task CPU time (ms)','860',NULL),
	(522770375,'Avg task GC time (ms)','13',NULL),
	(522770375,'Avg task runtime (ms)','11500',NULL),
	(522770375,'Number of tasks','1',NULL),
	(522770375,'Task GC/CPU ratio','0.015116279069767442',NULL),
	(522770379,'Average task input size','2 KB',NULL),
	(522770379,'Average task runtime','11 sec',NULL),
	(522770379,'Max task runtime','11 sec',NULL),
	(522770379,'Min task runtime','11 sec',NULL),
	(522770379,'Number of tasks','1',NULL),
	(522770383,'Median task input size','2 KB',NULL),
	(522770383,'Median task runtime','11 sec',NULL),
	(522770383,'Median task speed','184 bytes/s',NULL),
	(522770383,'Number of tasks','1',NULL),
	(522770387,'Avg output records per task','27',NULL),
	(522770387,'Avg spilled records per task','27',NULL),
	(522770387,'Number of tasks','1',NULL),
	(522770387,'Ratio of spilled records to output records','1.0',NULL),
	(522770390,'Avg Physical Memory (MB)','413',NULL),
	(522770390,'Avg task runtime','11 sec',NULL),
	(522770390,'Avg Virtual Memory (MB)','2353',NULL),
	(522770390,'Max Physical Memory (MB)','413',NULL),
	(522770390,'Min Physical Memory (MB)','413',NULL),
	(522770390,'Number of tasks','1',NULL),
	(522770390,'Requested Container Memory','2 GB',NULL),
	(522770396,'Data skew (Group A)','0 tasks @ 0 bytes avg',NULL),
	(522770396,'Data skew (Group B)','1 tasks @ 278 bytes avg',NULL),
	(522770396,'Data skew (Number of tasks)','1',NULL),
	(522770396,'Time skew (Group A)','0 tasks @ 0 msec avg',NULL),
	(522770396,'Time skew (Group B)','1 tasks @ 00:00:14 HH:MM:SS avg',NULL),
	(522770396,'Time skew (Number of tasks)','1',NULL),
	(522770400,'Avg task CPU time (ms)','3990',NULL),
	(522770400,'Avg task GC time (ms)','77',NULL),
	(522770400,'Avg task runtime (ms)','14067',NULL),
	(522770400,'Number of tasks','1',NULL),
	(522770400,'Task GC/CPU ratio','0.01929824561403509',NULL),
	(522770404,'Average task runtime','14 sec',NULL),
	(522770404,'Max task runtime','14 sec',NULL),
	(522770404,'Min task runtime','14 sec',NULL),
	(522770404,'Number of tasks','1',NULL),
	(522770406,'Avg Physical Memory (MB)','462',NULL),
	(522770406,'Avg task runtime','14 sec',NULL),
	(522770406,'Avg Virtual Memory (MB)','2360',NULL),
	(522770406,'Max Physical Memory (MB)','462',NULL),
	(522770406,'Min Physical Memory (MB)','462',NULL),
	(522770406,'Number of tasks','1',NULL),
	(522770406,'Requested Container Memory','2 GB',NULL),
	(522770411,'Average code runtime','1 sec',NULL),
	(522770411,'Average shuffle time','12 sec (8.21x)',NULL),
	(522770411,'Average sort time',' (0.03x)',NULL),
	(522770411,'Number of tasks','1',NULL),
	(522778895,'Data skew (Group A)','0 tasks @ 0 bytes avg',NULL),
	(522778895,'Data skew (Group B)','1 tasks @ 477 MB avg',NULL),
	(522778895,'Data skew (Number of tasks)','1',NULL),
	(522778895,'Time skew (Group A)','0 tasks @ 0 msec avg',NULL),
	(522778895,'Time skew (Group B)','1 tasks @ 00:20:40 HH:MM:SS avg',NULL),
	(522778895,'Time skew (Number of tasks)','1',NULL),
	(522778896,'Avg task CPU time (ms)','1284790',NULL),
	(522778896,'Avg task GC time (ms)','21780',NULL),
	(522778896,'Avg task runtime (ms)','1240366',NULL),
	(522778896,'Number of tasks','1',NULL),
	(522778896,'Task GC/CPU ratio','0.016952186738688813',NULL),
	(522778897,'Average task input size','477 MB',NULL),
	(522778897,'Average task runtime','20 min 40 sec',NULL),
	(522778897,'Max task runtime','20 min 40 sec',NULL),
	(522778897,'Min task runtime','20 min 40 sec',NULL),
	(522778897,'Number of tasks','1',NULL),
	(522778898,'Median task input size','477 MB',NULL),
	(522778898,'Median task runtime','20 min 40 sec',NULL),
	(522778898,'Median task speed','393 KB/s',NULL),
	(522778898,'Number of tasks','1',NULL),
	(522778899,'Avg output records per task','8110794',NULL),
	(522778899,'Avg spilled records per task','6149757',NULL),
	(522778899,'Number of tasks','1',NULL),
	(522778899,'Ratio of spilled records to output records','0.7582188624196349',NULL),
	(522778900,'Avg Physical Memory (MB)','1432',NULL),
	(522778900,'Avg task runtime','20 min 40 sec',NULL),
	(522778900,'Avg Virtual Memory (MB)','4906',NULL),
	(522778900,'Max Physical Memory (MB)','1432',NULL),
	(522778900,'Min Physical Memory (MB)','1432',NULL),
	(522778900,'Number of tasks','1',NULL),
	(522778900,'Requested Container Memory','4 GB',NULL),
	(522778901,'Data skew (Group A)','0 tasks @ 0 bytes avg',NULL),
	(522778901,'Data skew (Group B)','1 tasks @ 49 MB avg',NULL),
	(522778901,'Data skew (Number of tasks)','1',NULL),
	(522778901,'Time skew (Group A)','0 tasks @ 0 msec avg',NULL),
	(522778901,'Time skew (Group B)','1 tasks @ 00:00:56 HH:MM:SS avg',NULL),
	(522778901,'Time skew (Number of tasks)','1',NULL),
	(522778902,'Avg task CPU time (ms)','53500',NULL),
	(522778902,'Avg task GC time (ms)','781',NULL),
	(522778902,'Avg task runtime (ms)','56415',NULL),
	(522778902,'Number of tasks','1',NULL),
	(522778902,'Task GC/CPU ratio','0.014598130841121494',NULL),
	(522778903,'Average task runtime','56 sec',NULL),
	(522778903,'Max task runtime','56 sec',NULL),
	(522778903,'Min task runtime','56 sec',NULL),
	(522778903,'Number of tasks','1',NULL),
	(522778904,'Avg Physical Memory (MB)','1194',NULL),
	(522778904,'Avg task runtime','56 sec',NULL),
	(522778904,'Avg Virtual Memory (MB)','4914',NULL),
	(522778904,'Max Physical Memory (MB)','1194',NULL),
	(522778904,'Min Physical Memory (MB)','1194',NULL),
	(522778904,'Number of tasks','1',NULL),
	(522778904,'Requested Container Memory','4 GB',NULL),
	(522778905,'Average code runtime','47 sec',NULL),
	(522778905,'Average shuffle time','8 sec (0.18x)',NULL),
	(522778905,'Average sort time',' (0.00x)',NULL),
	(522778905,'Number of tasks','1',NULL);

/*!40000 ALTER TABLE `yarn_app_heuristic_result_details` ENABLE KEYS */;
UNLOCK TABLES;


# Dump of table yarn_app_result
# ------------------------------------------------------------

DROP TABLE IF EXISTS `yarn_app_result`;

CREATE TABLE `yarn_app_result` (
  `id` varchar(40) NOT NULL COMMENT 'The application id, e.g., application_1236543456321_1234567',
  `name` varchar(100) NOT NULL COMMENT 'The application name',
  `username` char(8) NOT NULL COMMENT 'The user who started the application',
  `queue_name` varchar(50) DEFAULT NULL COMMENT 'The queue the application was submitted to',
  `start_time` bigint(20) NOT NULL DEFAULT '0' COMMENT 'The time in which application started',
  `finish_time` bigint(20) NOT NULL DEFAULT '0' COMMENT 'The time in which application finished',
  `tracking_url` varchar(255) NOT NULL COMMENT 'The web URL that can be used to track the application',
  `job_type` varchar(10) NOT NULL COMMENT 'The Job Type e.g, Pig, Hive, Spark, HadoopJava',
  `severity` tinyint(2) unsigned NOT NULL COMMENT 'The severeness of the application. Ranges from 0(LOW) to 4(CRITICAL)',
  `score` mediumint(9) unsigned DEFAULT '0' COMMENT 'The application score',
  `workflow_depth` tinyint(2) unsigned DEFAULT '0' COMMENT 'The application depth in the scheduled flow. Depth starts from 0',
  `scheduler` varchar(20) DEFAULT NULL COMMENT 'The scheduler which triggered the application',
  `job_name` varchar(255) NOT NULL DEFAULT '' COMMENT 'The name of the job in the flow to which this app belongs',
  `job_exec_id` varchar(800) NOT NULL DEFAULT '' COMMENT 'A unique reference to a specific execution of the job/action(job in the workflow). This should filter all applicationsmapreduce/spark) triggered by the job for a particular execution.',
  `flow_exec_id` varchar(255) NOT NULL DEFAULT '' COMMENT 'A unique reference to a specific flow execution. This should filter all applications fired by a particular flow execution. Note that if the scheduler supports sub-workflows, then this ID should be the super parent flow execution id that triggered the the applications and sub-workflows.',
  `job_def_id` varchar(800) NOT NULL DEFAULT '' COMMENT 'A unique reference to the job in the entire flow independent of the execution. This should filter all the applications(mapreduce/spark) triggered by the job for all the historic executions of that job.',
  `flow_def_id` varchar(800) NOT NULL DEFAULT '' COMMENT 'A unique reference to the entire flow independent of any execution. This should filter all the historic mr jobs belonging to the flow. Note that if your scheduler supports sub-workflows, then this ID should reference the super parent flow that triggered the all the jobs and sub-workflows.',
  `job_exec_url` varchar(800) NOT NULL DEFAULT '' COMMENT 'A url to the job execution on the scheduler',
  `flow_exec_url` varchar(800) NOT NULL DEFAULT '' COMMENT 'A url to the flow execution on the scheduler',
  `job_def_url` varchar(800) NOT NULL DEFAULT '' COMMENT 'A url to the job definition on the scheduler',
  `flow_def_url` varchar(800) NOT NULL DEFAULT '' COMMENT 'A url to the flow definition on the scheduler',
  `resource_used` bigint(20) unsigned NOT NULL DEFAULT '0' COMMENT 'The resources used by the job in MB Seconds',
  `resource_wasted` bigint(20) unsigned NOT NULL DEFAULT '0' COMMENT 'The resources wasted by the job in MB Seconds',
  `total_delay` bigint(20) unsigned NOT NULL DEFAULT '0' COMMENT 'The total delay in starting of mappers',
  PRIMARY KEY (`id`),
  KEY `yarn_app_result_i1` (`finish_time`),
  KEY `yarn_app_result_i2` (`username`,`finish_time`),
  KEY `yarn_app_result_i3` (`job_type`,`username`,`finish_time`),
  KEY `yarn_app_result_i4` (`flow_exec_id`(100)),
  KEY `yarn_app_result_i5` (`job_def_id`(100)),
  KEY `yarn_app_result_i6` (`flow_def_id`(100)),
  KEY `job_exec_id` (`job_exec_id`(100))
) ENGINE=InnoDB DEFAULT CHARSET=latin1;

LOCK TABLES `yarn_app_result` WRITE;
/*!40000 ALTER TABLE `yarn_app_result` DISABLE KEYS */;

INSERT INTO `yarn_app_result` (`id`, `name`, `username`, `queue_name`, `start_time`, `finish_time`, `tracking_url`, `job_type`, `severity`, `score`, `workflow_depth`, `scheduler`, `job_name`, `job_exec_id`, `flow_exec_id`, `job_def_id`, `flow_def_id`, `job_exec_url`, `flow_exec_url`, `job_def_url`, `flow_def_url`, `resource_used`, `resource_wasted`, `total_delay`)
VALUES
	('application_1506645932520_4677390','PigLatin:DefaultJobName','dmetrics','hp',1509651596543,1509652269220,'http://localhost:8080/proxy/application_1506645932520_4677390/','HadoopJava',2,54,0,'azkaban','ce_final_stories_read_stories_read','https://localhost:8443/executor?execid=2567664&job=ce_final_stories_read_stories_read&attempt=0','https://localhost:8443/executor?execid=2567664','https://localhost:8443/manager?project=metricsV2&flow=ce_final_stories_read&job=ce_final_stories_read_stories_read','https://localhost:8443/manager?project=metricsV2&flow=ce_final_stories_read','https://localhost:8443/executor?execid=2567664&job=ce_final_stories_read_stories_read&attempt=0','https://localhost:8443/executor?execid=2567664','https://localhost:8443/manager?project=metricsV2&flow=ce_final_stories_read&job=ce_final_stories_read_stories_read','https://localhost:8443/manager?project=metricsV2&flow=ce_final_stories_read',50356224,0,22480),
	('application_1506645932520_4677396','PigLatin:DefaultJobName','dmetrics','hp',1509651600525,1509651726289,'http://localhost:8080/proxy/application_1506645932520_4677396/','HadoopJava',3,303,0,'azkaban','ce_final_stories_read_stories_read','https://localhost:8443/executor?execid=2567664&job=ce_final_stories_read_stories_read&attempt=0','https://localhost:8443/executor?execid=2567664','https://localhost:8443/manager?project=metricsV2&flow=ce_final_stories_read&job=ce_final_stories_read_stories_read','https://localhost:8443/manager?project=metricsV2&flow=ce_final_stories_read','https://localhost:8443/executor?execid=2567664&job=ce_final_stories_read_stories_read&attempt=0','https://localhost:8443/executor?execid=2567664','https://localhost:8443/manager?project=metricsV2&flow=ce_final_stories_read&job=ce_final_stories_read_stories_read','https://localhost:8443/manager?project=metricsV2&flow=ce_final_stories_read',4657152,575259,21159),
	('application_1506645932520_4678431','PigLatin:DefaultJobName','dmetrics','hp',1509652314788,1509652749604,'http://localhost:8080/proxy/application_1506645932520_4678431/','HadoopJava',3,1170,0,'azkaban','ce_final_stories_read_stories_read','https://localhost:8443/executor?execid=2567664&job=ce_final_stories_read_stories_read&attempt=0','https://localhost:8443/executor?execid=2567664','https://localhost:8443/manager?project=metricsV2&flow=ce_final_stories_read&job=ce_final_stories_read_stories_read','https://localhost:8443/manager?project=metricsV2&flow=ce_final_stories_read','https://localhost:8443/executor?execid=2567664&job=ce_final_stories_read_stories_read&attempt=0','https://localhost:8443/executor?execid=2567664','https://localhost:8443/manager?project=metricsV2&flow=ce_final_stories_read&job=ce_final_stories_read_stories_read','https://localhost:8443/manager?project=metricsV2&flow=ce_final_stories_read',53243904,6483078,82433),
	('application_1506645932520_4679145','PigLatin:DefaultJobName','dmetrics','hp',1509652774695,1509653410326,'http://localhost:8080/proxy/application_1506645932520_4679145/','HadoopJava',3,959,0,'azkaban','ce_final_stories_read_stories_read','https://localhost:8443/executor?execid=2567664&job=ce_final_stories_read_stories_read&attempt=0','https://localhost:8443/executor?execid=2567664','https://localhost:8443/manager?project=metricsV2&flow=ce_final_stories_read&job=ce_final_stories_read_stories_read','https://localhost:8443/manager?project=metricsV2&flow=ce_final_stories_read','https://localhost:8443/executor?execid=2567664&job=ce_final_stories_read_stories_read&attempt=0','https://localhost:8443/executor?execid=2567664','https://localhost:8443/manager?project=metricsV2&flow=ce_final_stories_read&job=ce_final_stories_read_stories_read','https://localhost:8443/manager?project=metricsV2&flow=ce_final_stories_read',142864384,10164867,18614),
	('application_1506645932520_4680122','PigLatin:DefaultJobName','dmetrics','hp',1509653473189,1509655404293,'http://localhost:8080/proxy/application_1506645932520_4680122/','HadoopJava',3,354,0,'azkaban','ce_final_stories_read_stories_read','https://localhost:8443/executor?execid=2567664&job=ce_final_stories_read_stories_read&attempt=0','https://localhost:8443/executor?execid=2567664','https://localhost:8443/manager?project=metricsV2&flow=ce_final_stories_read&job=ce_final_stories_read_stories_read','https://localhost:8443/manager?project=metricsV2&flow=ce_final_stories_read','https://localhost:8443/executor?execid=2567664&job=ce_final_stories_read_stories_read&attempt=0','https://localhost:8443/executor?execid=2567664','https://localhost:8443/manager?project=metricsV2&flow=ce_final_stories_read&job=ce_final_stories_read_stories_read','https://localhost:8443/manager?project=metricsV2&flow=ce_final_stories_read',56037376,7250365,9291),
	('application_1506645932520_4682608','union_job','dmetrics','hp',1509655467201,1509655981761,'http://localhost:8080/proxy/application_1506645932520_4682608/','HadoopJava',3,300,0,'azkaban','ce_final_stories_read_union','https://localhost:8443/executor?execid=2567664&job=ce_final_stories_read_union&attempt=0','https://localhost:8443/executor?execid=2567664','https://localhost:8443/manager?project=metricsV2&flow=ce_final_stories_read&job=ce_final_stories_read_union','https://localhost:8443/manager?project=metricsV2&flow=ce_final_stories_read','https://localhost:8443/executor?execid=2567664&job=ce_final_stories_read_union&attempt=0','https://localhost:8443/executor?execid=2567664','https://localhost:8443/manager?project=metricsV2&flow=ce_final_stories_read&job=ce_final_stories_read_union','https://localhost:8443/manager?project=metricsV2&flow=ce_final_stories_read',10870784,1158040,26873),
	('application_1506645932520_4683002','PigLatin:consumer_engaged','jakhani','misc_default',1509655744342,1509655825579,'http://localhost:8080/proxy/application_1506645932520_4683002/','Pig',0,0,0,'azkaban','PigLatin:consumer_engaged','https://localhost:8443/executor?execid=4515481&job=learning-daily-dashboard_consumer-engaged-learner-lw-7day&attempt=0','https://localhost:8443/executor?execid=4515481','https://localhost:8443/manager?project=learning-daily-dashboard-lildata-TEMP&flow=learning-daily-dashboard&job=learning-daily-dashboard_consumer-engaged-learner-lw-7day','https://localhost:8443/manager?project=learning-daily-dashboard-lildata-TEMP&flow=learning-daily-dashboard','https://localhost:8443/executor?execid=4515481&job=learning-daily-dashboard_consumer-engaged-learner-lw-7day&attempt=0','https://localhost:8443/executor?execid=4515481','https://localhost:8443/manager?project=learning-daily-dashboard-lildata-TEMP&flow=learning-daily-dashboard&job=learning-daily-dashboard_consumer-engaged-learner-lw-7day','https://localhost:8443/manager?project=learning-daily-dashboard-lildata-TEMP&flow=learning-daily-dashboard',129024,22674,5201),
	('application_1506645932520_4683484','merge_job','dmetrics','hp',1509655995911,1509656472838,'http://localhost:8080/proxy/application_1506645932520_4683484/','HadoopJava',3,3,0,'azkaban','ce_final_stories_read_stories_read_merge','https://localhost:8443/executor?execid=2567664&job=ce_final_stories_read_stories_read_merge&attempt=0','https://localhost:8443/executor?execid=2567664','https://localhost:8443/manager?project=metricsV2&flow=ce_final_stories_read&job=ce_final_stories_read_stories_read_merge','https://localhost:8443/manager?project=metricsV2&flow=ce_final_stories_read','https://localhost:8443/executor?execid=2567664&job=ce_final_stories_read_stories_read_merge&attempt=0','https://localhost:8443/executor?execid=2567664','https://localhost:8443/manager?project=metricsV2&flow=ce_final_stories_read&job=ce_final_stories_read_stories_read_merge','https://localhost:8443/manager?project=metricsV2&flow=ce_final_stories_read',90112,13156,11303),
	('application_1506645932520_4683486','attribute rollup','dmetrics','hp',1509655997567,1509660502529,'http://localhost:8080/proxy/application_1506645932520_4683486/','HadoopJava',3,9,0,'azkaban','ce_final_stories_read_attribute_rollup','https://localhost:8443/executor?execid=2567664&job=ce_final_stories_read_attribute_rollup&attempt=0','https://localhost:8443/executor?execid=2567664','https://localhost:8443/manager?project=metricsV2&flow=ce_final_stories_read&job=ce_final_stories_read_attribute_rollup','https://localhost:8443/manager?project=metricsV2&flow=ce_final_stories_read','https://localhost:8443/executor?execid=2567664&job=ce_final_stories_read_attribute_rollup&attempt=0','https://localhost:8443/executor?execid=2567664','https://localhost:8443/manager?project=metricsV2&flow=ce_final_stories_read&job=ce_final_stories_read_attribute_rollup','https://localhost:8443/manager?project=metricsV2&flow=ce_final_stories_read',5308416,766896,2727458),
	('application_1506645932520_4684125','Quick Snapshot NEWS','dbuser','data',1509656441350,1509656778039,'http://localhost:8080/proxy/application_1506645932520_4684125/','HadoopJava',2,7620,0,'azkaban','Quick-Snapshot-NEWS','https://localhost:8443/executor?execid=1545135&job=lumos2-quick-materializer-tier0-critical&attempt=0','https://localhost:8443/executor?execid=1545135','https://localhost:8443/manager?project=Lumos_V2_Prod&flow=lumos2-status-update-tier0-critical&job=lumos2-quick-materializer-tier0-critical','https://localhost:8443/manager?project=Lumos_V2_Prod&flow=lumos2-status-update-tier0-critical','https://localhost:8443/executor?execid=1545135&job=lumos2-quick-materializer-tier0-critical&attempt=0','https://localhost:8443/executor?execid=1545135','https://localhost:8443/manager?project=Lumos_V2_Prod&flow=lumos2-status-update-tier0-critical&job=lumos2-quick-materializer-tier0-critical','https://localhost:8443/manager?project=Lumos_V2_Prod&flow=lumos2-status-update-tier0-critical',1035609600,0,27756),
	('application_1506645932520_4688339','PigLatin:FED_email_stats_LXD.pig','csummers','data_default',1509659720479,1509659784327,'http://localhost:8080/proxy/application_1506645932520_4688339/','Pig',0,0,0,'azkaban','fedAnalysisStats_FedEmailStatsL7D','https://localhost:8443/executor?execid=4516038&job=fedAnalysisStats_FedEmailStatsL7D&attempt=0','https://localhost:8443/executor?execid=4516038','https://localhost:8443/manager?project=b2-ced&flow=fedAnalysisStats&job=fedAnalysisStats_FedEmailStatsL7D','https://localhost:8443/manager?project=b2-ced&flow=fedAnalysisStats','https://localhost:8443/executor?execid=4516038&job=fedAnalysisStats_FedEmailStatsL7D&attempt=0','https://localhost:8443/executor?execid=4516038','https://localhost:8443/manager?project=b2-ced&flow=fedAnalysisStats&job=fedAnalysisStats_FedEmailStatsL7D','https://localhost:8443/manager?project=b2-ced&flow=fedAnalysisStats',51200,9144,7178),
	('application_7039','data-demo-metrics','datauser','default',1502954712439,1502955606418,'http://localhost:8080/proxy/application_7039/','HadoopJava',4,200,0,'azkaban','datademosearch-unchecked','https://localhost:8443/executor?execid=396044&job=datademosearch-unchecked&attempt=0','https://localhost:8443/executor?execid=396044','https://localhost:8443/manager?project=datademo-project&flow=datademosearch&job=datademosearch-unchecked','https://localhost:8443/manager?project=datademo-project&flow=datademosearch','https://localhost:8443/executor?execid=396044&job=datademosearch-unchecked&attempt=0','https://localhost:8443/executor?execid=396044','https://localhost:8443/manager?project=datademo-project&flow=datademosearch&job=datademosearch-unchecked','https://localhost:8443/manager?project=datademo-project&flow=datademosearch',30351360,6164262,4550);

/*!40000 ALTER TABLE `yarn_app_result` ENABLE KEYS */;
UNLOCK TABLES;



/*!40111 SET SQL_NOTES=@OLD_SQL_NOTES */;
/*!40101 SET SQL_MODE=@OLD_SQL_MODE */;
/*!40014 SET FOREIGN_KEY_CHECKS=@OLD_FOREIGN_KEY_CHECKS */;
/*!40101 SET CHARACTER_SET_CLIENT=@OLD_CHARACTER_SET_CLIENT */;
/*!40101 SET CHARACTER_SET_RESULTS=@OLD_CHARACTER_SET_RESULTS */;
/*!40101 SET COLLATION_CONNECTION=@OLD_COLLATION_CONNECTION */;
